五华区	0
昆明	1
官渡区	2
西山区	3
呈贡区	4
盘龙区	5
东川区	6
晋宁区	7
凤庆凤山公园	8
临沧	9
翁丁原始部落	10
晋宁盘龙寺	11
青华海	12
保山	13
昆明寻甸红军长征柯渡纪念馆	14
孟定班幸独树成林风景区	15
耿马县	16
茶博园	17
耿马南汀画院	18
畹町边关文化园	19
德宏	20
斗南花市	21
鱼塘寨彝族剪纸传习所	22
红河	23
云南驿景区	24
大理	25
红河马帮古城	26
茈碧湖	27
汪柴主微笑博物馆	28
迪庆奔子栏子锅庄传习馆	29
迪庆	30
瑞丽一寨两国	31
云峰山	32
大理古城景区	33
楚雄市吕合文化博物馆	34
楚雄	35
英雄老山圣地	36
文山	37
大姚白塔公园	38
泸沽湖	39
丽江	40
石屏县博物馆	41
立景阁	42
旗山	43
开远彝族传统花灯传习所	44
民族博物馆	45
热海景区	46
野生动物园	47
云县滇缅铁路遗址园	48
石月亮景区	49
怒江	50
石门关	51
滇缅铁路遗址园	52
西畴国家石漠公园	53
白塔	54
张家花园	55
怒江州博物馆	56
贡山县	57
穆夏新艺术运动先锋	58
元江世界第一高桥	59
玉溪	60
滇红第一村	61
藏经堂	62
建水县博物馆	63
弥勒可邑小镇	64
傈僳族瓦器器传习中心	65
南几洛景区	66
白水台景区	67
香格里拉	68
丫沙底瀑布温泉	69
天生桥景区	70
湖泉半山温泉	71
整董小镇	72
普洱	73
思小高速公路景区	74
西双版纳	75
个旧市博物馆	76
盘龙寺	77
十里樱花	78
妈妈制造扎染体验	79
南美拉祜族文化传习馆	80
银都水乡新华村	81
高黎贡山植物园	82
墨香古城	83
红河县博物馆	84
汤谷	85
西畴县	86
巍山古城	87
汤谷旅游区	88
悦莲庄园	89
国殇墓园	90
映月潭温泉	91
公园1903梦幻联邦乐园	92
北岳庙	93
沧源葫芦小镇	94
云南陆军讲武堂历史博物馆	95
晋宁郑和公园	96
龙润大龙潭	97
朵拉萌宠乐园	98
仙佛洞	99
崇圣寺三塔	100
泸江公园	101
尼汝藏族传统文化生态保护传习馆	102
月亮湾湿地公园	103
澄江县	104
抚仙湖禄充景区	105
昆明旅游索道	106
玉溪市红塔区聂耳故居纪念馆	107
红塔	108
建水古城小火车	109
磨皮彝族花鼓文化传习馆	110
云南师范大学西南联大博物馆	111
五华	112
弥勒市城市规划展览馆	113
弥勒	114
邵女坪旅游度假小镇	115
昭通	116
黄草岭	117
腾冲原乡栖花岭	118
彝王故里滇中名镇	119
芒玉大峡谷	120
和顺柏联温泉	121
异龙湖景区	122
广南县坝美世外桃源旅游景区	123
高山乌龙茶景区	124
云南大学校史馆	125
富源多乐原	126
曲靖	127
玉龙雪山滑翔伞飞行营地	128
玉龙县	129
原始森林公园	130
昆脱	131
山海洞	132
昆明融创滇池后海	133
会泽雨碌大地缝	134
云南人家	135
袋鼠王蹦床公园	136
易门龙泉公园	137
十里荷花	138
束河古镇	139
秘境谷森林小镇	140
景迈山茶林文化景区	141
建水紫陶小镇	142
艾思奇故居	143
腾冲	144
袁嘉古旧居陈列馆	145
同盟会河口起义纪念馆	146
河口县	147
大理白族自治州博物馆	148
普洱西盟勐梭龙潭	149
乃古石林	150
蒙自市碧色寨	151
红河白龙洞风景区	152
东山景区	153
亿壕城堡温泉酒店	154
独克宗古城	155
东巴万神园	156
不可思议发泄屋	157
松林藏香非遗传承馆	158
小哨野生菌生态村	159
罗平鲁布革三峡	160
孟连宣抚司署	161
望天树景区	162
香格里拉大峡谷	163
那柯里茶马驿站	164
边寨喊沙风景区	165
宁蒗彝族自治县博物馆	166
石林冰雪海洋世界	167
茶马古镇	168
新化古州野林	169
怒江州志伟民俗博物馆	170
松山景区	171
七彩梦乡麦地冲	172
大理上关花景区	173
昆明市杏林大观园	174
独克宗花巷	175
怒江山水之道	176
怒江傈僳族自治	177
红河蒙自南湖公园	178
牡露侬人谷	179
东竹林寺	180
青龙峡景区	181
野象谷	182
红河谷绿汁江恐龙峡谷漂流体验	183
凤庆锦绣茶尊胜地	184
腾冲来凤山森林公园	185
香巴拉时轮坛城	186
山谷立体花园	187
昆明老街规划展览馆	188
滇池博物馆	189
西山	190
云南省博物馆	191
香格里拉结达木景区	192
马龙月望湖旅游景区	193
弥勒市博物馆	194
融创乐园	195
滇南本草植物博物馆	196
官渡	197
大理景区直通车	198
紫溪彝村	199
潞江坝服务区	200
世博温泉乐园	201
盘龙	202
官渡区博物馆	203
勐巴拉雨林小镇	204
弥渡县博物馆	205
个旧市玻璃栈道	206
玉龙湖景区	207
湾子古苗寨	208
坡芽情歌旅游特色村	209
观音峡	210
浪巴铺土林	211
特步企鹅跑	212
昆明自然乐游乐园	213
佤文化风情走廊	214
洞景佛寺景区	215
千里走单骑杨丽萍艺术空间	216
永德博物馆	217
德宏州博物馆	218
九乡风景名胜区	219
广南县民族博物馆	220
大理璞真白族扎染博物馆	221
云南零海拔潜水抚仙湖明星景鱼洞区潜水店	222
澄江	223
安宁温泉	224
云南映象	225
玉溪聂耳文化广场	226
燕子洞	227
娜姆措生态园	228
剑川民族博物馆	229
剑川县	230
芒市孔雀谷景区	231
大理英雄联盟校园电竞文创村	232
腾冲启迪冰上运动中心	233
腾冲翡翠博物馆	234
元谋人世界公园	235
五老山	236
临翔	237
姚安光禄古镇	238
绿春县博物馆	239
未来游乐园	240
树明玉雕翡翠文化传习馆	241
撒玛坝	242
云南民俗博物馆	243
木依吉神谷景区	244
智博会	245
景东文庙	246
临沧城市规划馆	247
河畔公园	248
大理古城游客中心直通车	249
红河个旧锡文化创意园	250
松赞林卡	251
傈僳族阿尺木刮展示馆	252
叠水河瀑布	253
新平县城	254
滇池国际会展中心	255
中澳生态园	256
杏林大观园	257
石榴公园	258
蒙自	259
云南电信博物馆	260
基诺山寨	261
罗平国际高原花海旅游度假区	262
凯邦亚湖	263
昆明官渡海东湿地	264
腾越广场	265
大姚石羊古镇	266
禄丰金山古镇景区	267
镇沅无量湿地公园	268
地热国	269
丙中洛	270
那耶村	271
元谋人博物馆	272
嵩明县兰茂纪念馆	273
独树成林	274
红河石屏龙韵养生谷	275
中和银杏林	276
保山佳新温泉度假村	277
隆阳	278
嵩明百花箐山谷景区	279
飞来寺	280
腾冲银杏村	281
杜鹃湖景区	282
苍山	283
邦腊掌温泉度假区	284
祥云水目山	285
北庙湖景区	286
洱源西湖	287
曲靖金麟湾温泉	288
云花谷	289
大理洱海生态廊道	290
大地湖畔	291
沾益珠江源	292
云南省茶文化博物馆	293
新亚洲体育城	294
万家欢蓝莓庄园	295
滇重楼庄园	296
云南师范大学一二一纪念馆	297
洱海游船	298
喃呢热带温泉	299
紫溪山	300
勐卧双塔国家3级旅游景区	301
大理马耳山生态旅游景区	302
师宗菌子山	303
普洱市美术馆	304
滇金丝猴国家公园	305
华坪县博物馆	306
华坪县	307
知花小镇	308
开远	309
中国共产党云南第一次代表大会会址	310
红河哈尼族	311
大观公园	312
邦佑瀑布群	313
泸西青龙山	314
元阳哈尼小镇	315
太平湖	316
滇西土司文化博物馆	317
东巴谷	318
独龙江	319
犀鸟谷	320
金麟湾爱情小镇	321
秀美茶园	322
昆明市博物馆	323
西鲁温泉	324
李根源旧居	325
云南民族大观园	326
自耕农庄	327
界鱼石公园	328
景东县博物馆	329
启迪科学家小镇	330
轿子雪山	331
昆明海丽宾雅温泉度假酒店	332
嘉丽泽度假区	333
玉峰寺	334
石屏郑营村	335
滇池度假区海埂大坝	336
勐巴娜西珍奇园	337
桃花岛	338
文山广南句町古国	339
楚雄州博物馆	340
水富西部大峡谷温泉	341
黑河老坡	342
西双版纳民族博物馆	343
红河开远南洞凤凰谷旅游区	344
联大往事	345
罗平县相石阶景区	346
昆明柏联温泉	347
萌宠科普乐园	348
中科院热带植物园	349
腾冲文庙	350
红色大文旅游区	351
双江县	352
元江红河谷热海	353
丽江东巴万神园	354
国际高原花海旅游度假区	355
曲靖218欢乐世界景区	356
彝人谷竹海景区	357
双江冰岛湖	358
宣威市衡威益群博物馆	359
秋雨书院	360
大理古城南门叠翠园直通车	361
中共地下党党建旧址	362
迪庆藏刀卡卓	363
斗南湿地公园	364
豆沙镇五尺道景区	365
楚雄州火把节	366
高黎贡山茶博园	367
碗窑村	368
玉溪市聂耳纪念馆	369
昆明自来水历史博物馆	370
香巴拉时轮坛城文化博览中心	371
华宁县	372
乌铜走银传习馆	373
南诏风情岛	374
我的闻先生	375
太阳历文化园	376
澜沧县博物馆	377
澜沧县	378
曲靖外滩	379
丽江猎鹰谷	380
元谋浪巴铺土林	381
元谋县	382
云南皓珺博物馆	383
西河公园	384
磐松手作陶艺工作室	385
建水县	386
曲靖218欢乐世界	387
麒麟	388
龙江特大桥	389
天龙八部影视城	390
雨林谷	391
新华银器小镇	392
老姆登景区	393
元谋红军馆	394
仙湖湾景区	395
南涧彝族自治县博物馆	396
农村电影历史博物馆	397
曲靖德康斑铜传习所	398
白云洞景区	399
云南起义馆	400
勐泐文化旅游区	401
马龙红石庄园	402
诺邓景区	403
勐远仙境景区	404
大理市博物馆	405
孟连县民族历史博物馆	406
邵梅罕傣族剪纸馆	407
瑞荷园	408
禄丰县恐龙博物馆	409
红河水乡	410
墨江北回归线标志园	411
太保山公园	412
昆明斗南花市送机	413
香格里拉圣域天香牦牛文化传播中心	414
洞山温泉村	415
葫芦王地	416
锦鲤祠国风摄影馆	417
普洱市镇沅博物馆	418
镇沅县	419
云南国际智慧旅游大会	420
普洱天士力帝泊洱生物茶谷	421
芒团造纸传习馆	422
梅里雪山	423
彝人古镇	424
黑龙潭	425
荷花温泉	426
黑龙潭公园	427
姐告区	428
经典假日谷	429
小草坝生态旅游景区	430
元谋土林	431
五百里音乐节	432
曼听御花园	433
凤凰生态公园	434
紫溪湿地	435
永德忙海湖	436
宜良汤池热水河温泉	437
右甸河公园	438
娲女神泉富硒谷	439
昆明动物博物馆	440
瑷珲公园	441
鸡足山	442
威信县扎西红色小镇	443
江城县勐桑洛小镇	444
普洱茶马古道旅游景区	445
团山民居	446
腾冲火山热海	447
金殿景区	448
来冷红景区	449
西双版纳傣族自治州民族博物馆	450
双创小镇	451
北海湿地	452
勐景来	453
玉龙雪山景区	454
六祖分支景区	455
旺腊小孔雀传承基地	456
大姚西河印象景区	457
和顺古镇景区	458
永平县博南古道博物馆	459
云南大润丁少数民族服装服饰博物馆	460
环湖车	461
云南旅游咨询服务中心	462
斗南花卉小镇	463
澜沧江漂流	464
香巴拉时轮坛城景区	465
东巴王国景区	466
罗古箐景区	467
豆沙关五尺道	468
石宝山沙溪古镇	469
国际双胞文化园	470
熊庆来李广田旧居陈列馆	471
翁丁	472
龙陵抗日战争纪念馆	473
龙陵县	474
武定狮子山	475
红河锦屏后海	476
三股水景区	477
盛水湾	478
星球玩创乐园	479
临沧工业园区	480
袁嘉谷纪念馆	481
昙华山	482
大理非物质文化遗产博物馆	483
古滇精品湿地	484
恐龙谷	485
金方森林温泉	486
高山植物园	487
寻甸石板河风景区	488
长水机场专人服务贵宾休息室	489
元谋凤凰湖公园	490
凤山公园	491
喊沙孔雀舞传承基地	492
建水县蚁工坊	493
瑞丽旅游淘宝谷景区	494
大关黄连河景区	495
东风韵	496
陇西世族庄园	497
龙泉公园	498
公弄景区	499
滇中健康城文化旅游景区	500
白沙壁画	501
大理市非遗博物馆	502
金塔	503
澄江化石地世界自然遗产博物馆	504
杨升庵纪念馆	505
兵器房车温泉中心	506
腾云	507
罗平多依河	508
昆明安宁东湖风光	509
红河州博物馆	510
诗蜜娃底	511
丽江玉龙雪山国际高尔夫俱乐部	512
句町古国	513
虎跳峡	514
西山风景区	515
五华区博物总馆	516
戛洒特色小镇	517
江城县勐烈湖湿地公园	518
云南华侨城温泉水公园	519
广龙小镇	520
玉溪市博物馆	521
云南古滇翡翠博物馆	522
王牌御鼠游乐园	523
澜沧县拉祜风情园	524
师宗县博物馆	525
昆明老街	526
昆明景区直通车	527
勐捧岔沟景区	528
陆良彩色沙林	529
马龙区博物馆	530
沧源碧丽源	531
轿子仙宫	532
普者黑	533
凤家古镇	534
傣族园	535
南美旅游度假区	536
普洱市文化馆	537
昆明花都海洋世界	538
喜洲严家大院博物馆	539
漠沙大沐浴	540
白马箐露营基地	541
太阳岛	542
南洋华侨机工回国抗日纪念馆	543
抚海湾景区	544
红河建水学政考棚	545
双江荣康达	546
锦屏山	547
驮娘江	548
傣族慢轮制陶技艺传习所	549
松赞林景区	550
银塔	551
嘎多月亮古寨	552
大理夏夜星空花卉博览园	553
寻甸县柯渡红军长征纪念馆	554
寻甸县	555
通海秀山公园	556
三台山公园	557
塔城热巴传习中心	558
楚雄摩尔梦工厂工业旅游观光园	559
香格里拉呀啦嗦	560
安宁市博物馆	561
大海草山国际滑雪度假区	562
西浦公园	563
永子文化园	564
建水文庙	565
宜良岩泉禅寺	566
程海	567
云南陶韵建水陶博物馆	568
丽江木府	569
毛家湾景区	570
奶思碧水蓝天景区	571
勐海大益馆	572
巍山南诏博物馆	573
悦椿温泉村	574
咖啡旅游园区	575
泸西县博物馆	576
红河石屏焕文公园	577
官渡古镇	578
永胜县边屯文化博物馆	579
永胜县	580
平安福湿地公园	581
丽江市博物院	582
古城	583
银杏村	584
三川翠湖	585
寥廓公园	586
香格里拉茶马古道博物馆	587
红酒庄	588
曲靖市博物馆	589
上关花景区	590
云南起义纪念馆	591
春城湖畔度假村	592
金江镇龙潭公园	593
云南临安府署	594
昆明龙润大龙潭生态休闲园	595
彝族花灯黑泥地社区传习所	596
昆明理工大学地学博物馆	597
云南昆明规划馆	598
梦幻腾冲	599
大理白族自治州非物质文化遗产博物馆	600
长湖	601
龙氏家祠	602
罗荃半岛	603
片马抗英驼峰航线纪念馆	604
昆明朱德旧居纪念馆	605
永德大雪山生态旅游区	606
大理州博物馆景区	607
玉龙湾公园	608
保山市博物馆	609
汇龙生态园	610
牟定化佛山	611
仁里花语牧场	612
观景台	613
东川红土地	614
玉溪古滇国文化园	615
昆明热雪奇迹	616
天龙八部国际旅行社	617
云南民族博物馆	618
蝴蝶泉	619
三大芭蕾经典音乐会纪念柴可夫斯基诞辰180周年	620
石屏古城	621
石屏县	622
阿庐古洞	623
凤庆古墨村	624
独树成林景区	625
西门公园	626
云海芳草	627
高速服务区评价	628
大益庄园	629
丽江千古情演出	630
宣威市博物馆	631
富宁革命纪念馆	632
百里长湖景区	633
屏边大围山	634
永平宝台山	635
昆明市昙华寺公园	636
鸟王山风景区	637
沙溪古镇	638
沧源崖画谷	639
古滇温泉山庄	640
大理苍山世界地质公园博物馆	641
凤庆县	642
十里花溪阳塘曲景区	643
临沧头道水酒谷农耕文化园景区	644
大理千狮山景区	645
苍山洗马潭大索道	646
师宗凤凰谷	647
咪依噜风情谷	648
红河东仰风情园	649
花涧里	650
大槟榔园	651
凤庆小湾电站百里长湖	652
昆明动物园	653
大姚县核桃博物馆	654
徐霞客纪念馆	655
龙安新马温泉	656
普洱太阳河森林公园	657
热带花卉园	658
昆明市非物质文化遗产展示馆	659
腾冲历史文化主题街区	660
施甸石瓢温泉	661
无量山樱花谷	662
西盟县佤族博物馆	663
西盟县	664
景亢傣族风情村	665
富和山	666
云南肯公聪奔茶马古道文化博物馆	667
千古情景区	668
拉市海湿地公园	669
西南联大蒙自分校纪念馆	670
会泽海湖旅游度假区	671
剑川木雕艺术小镇	672
彝和园	673
梁河南甸宣抚司署	674
华宁象鼻温泉	675
架街生态旅游区	676
香格里拉印经院景区	677
李家山青铜器馆	678
碧云寺	679
凤庆石洞寺	680
哈尼梯田文化博物馆	681
大研花巷	682
花果山森林公园	683
瑞丽独树成林景区	684
抗战胜利纪堂博物馆	685
花香酒谷景区	686
昔归故里	687
南腊河康养度假营地	688
万溪冲	689
沾益区博物馆	690
红河泸西青龙山	691
本地服务	692
青普白沙行馆	693
国立西南联合大学蒙自分校纪念馆	694
博物馆街区	695
聂耳故居纪念馆	696
双江大浪坝景区	697
白马雪山国家公园	698
中共地下党党建党旧址	699
七彩云南欢乐世界	700
罗平森林公园	701
红军长征过丽江纪念馆	702
蒙自市清韵紫陶博物馆	703
陇川户撒佛祖花园	704
玉柱擎天景区	705
国际电音狂欢节	706
弥渡县	707
迪庆红军长征博物馆	708
麒麟水乡	709
临沧微电影博物馆	710
昭通市博物馆	711
昆明梵高星空艺术馆	712
大理州非物质文化遗产博物馆	713
畹町特色小镇	714
瑞丽	715
好运研究所	716
西南联大旧址	717
昆明失恋博物馆	718
聂耳纪念馆	719
甸溪河	720
王复生、王德三烈士纪念馆	721
祥云县	722
勐焕大金塔	723
黄龙潭公园	724
未来也来公园	725
耿马孟定芒团景区	726
那色峰海	727
普洱市博物馆	728
思茅	729
昆明融创海世界	730
哈尼历史文化博物馆	731
和成临沧生态文化创意产业园	732
倚象山汽车营地	733
普达措景区	734
告庄西双景	735
才村	736
石龙坝水电博物馆	737
石林石海温泉	738
富民县	739
花果山欢乐谷	740
红河建水朝阳楼	741
浦在廷故居	742
临沧市博物馆	743
茨中教堂	744
澜沧县老达保景区	745
玉水寨景区	746
查姆湖风景区	747
洛龙公园	748
罗平九龙瀑布	749
喜洲古镇	750
临沧边合区	751
永仁方山	752
红军长征博物馆	753
新平磨盘山	754
石林彝族自治县喀斯特地质科研博物馆	755
石林县	756
宜良山后樱花谷	757
宜良县	758
瑞丽珠宝翡翠博物馆	759
大理红桃传习馆	760
昭璞绿道	761
五老山森林公园	762
云象潘茂野趣帐篷营地	763
石林景区	764
昆明经典假日谷	765
云南铁路博物馆	766
景谷佛迹仙踪芒玉峡谷康体旅游区	767
巍宝山	768
双廊艺术小镇文化旅游区	769
会泽大海草山	770
马过河	771
云南民族村	772
火山景区	773
老君山黎明景区	774
巍山县东莲花旅游区	775
中华普洱茶博览苑	776
元谋红军长征纪念馆	777
易武茶文化博物馆	778
克依黑	779
腾冲玛御谷景区	780
昌宁鸡飞温泉	781
明星鱼洞景区	782
洱海	783
大禧城	784
翠湖讲武堂	785
世博园	786
南河人工湖	787
凤庆鲁史古镇	788
杨善洲精神教育基地	789
密祉镇	790
云南解放纪念馆	791
映月潭修闲文化中心	792
芒市三台山乡德昂族博物馆	793
土林无量塔	794
朱家花园	795
安宁温泉小镇房车营地	796
王九龄旧居纪念馆	797
丽江金茂璞修雪山酒店	798
迪庆德钦弦子传习馆	799
云南师范大学西南联大	800
万亩桔园	801
云南精楷明清家具博物馆	802
彝良罗炳辉将军纪念馆	803
腾冲樱花谷景区	804
姚安县博物馆	805
寻甸凤龙湾小镇	806
长水机场百事特贵宾厅	807
蓝月山谷	808
超级恋爱工厂	809
云南李家山青铜器博物馆	810
迪庆州博物馆	811
普洱市图书馆	812
湖泉生态园	813
滴水苗城特色小镇	814
禄充景区	815
古生村	816
大理普陀泉温泉	817
龙王塘公园	818
云南美术馆	819
禄丰黑井古镇	820
建塘锅庄传习馆	821
会泽县唐继尧故居博物馆	822
星云湖	823
昆明市晋宁区博物馆	824
晋宁	825
渔洞名樱旅游度假区	826
玉溪青花街	827
罗平县博物馆	828
抗日战争纪念馆	829
腾冲博物馆	830
通海县博物馆	831
周城	832
西游洞	833
九龙池公园	834
寒武纪小镇	835
博尚碗窑七彩陶瓷文化景区	836
杜鹃王古木博览园	837
昆明西山风景区	838
奥特曼宇宙之光	839
新平哀牢山	840
花之城	841
曲硐特色小镇	842
昆明市郊野公园	843
凤龙湾国际旅游度假区	844
仙人山	845
镇康县	846
绥江金沙水上乐园	847
红坡寺	848
丽江古城	849
玉龙纳西族自治县白沙壁画博物馆	850
陆良县博物馆	851
莫里热带雨林	852
星河温泉小镇	853
澄江国家地质公园	854
盈江国家湿地公园	855
紫陶街	856
傈僳音乐小镇	857
小山峡桃源谷	858
普洱民族团结园	859
大理海洋世界	860
玄天幻境	861
砚山县梦幻大世界	862
砚山县	863
新岐古镇	864
句町欢乐世界	865
广南县	866
琴淮庄园	867
新平县	868
近水镇	869
丘北县	870
龙马山景区	871
斯贝佳	872
勐福景区	873
滇铜古镇	874
鑫和园	875
弘园山庄	876
手抄纸博物馆	877
龙川江漂流	878
清河茶旅小镇	879
和睦茶花村	880
比顿	881
光丽研学旅游景区	882
达摩山景区	883
三道桥文化景区	884
昌宁县	885
鸵鸟园	886
龙山湖景区	887
黄家寨古茶公园	888
大水塘苗族风情园	889
陇川县森林公园	890
子原传统村落	891
刺树丫口景区	892
董官村景区	893
千佛洞	894
品斛堂景区	895
帕提瓦民族村	896
帕连艺术村	897
东篱风语	898
施甸县	899
富宁县神火景区	900
富宁县	901
富宁县花王岭创意农业产业园	902
清凉洞旅游区	903
云茶山庄	904
峨山县	905
海棠洼生态旅游区	906
野鸭湖	907
龙江清塘梯田	908
红色朱家庄	909
白龙潭	910
澜沧江高峡平湖	911
新寨咖啡	912
娲女神泉	913
国门新村	914
哈寨	915
翁堵大明湖生态旅游区	916
芒赖景区	917
香柏场自然公园	918
清水景区	919
中寨	920
河图大官庙景区	921
马鹿塘景区	922
龙安边境土砖文化	923
昌宁红	924
闹兜阳	925
扎西会议纪念地景区	926
黄金谷	927
抚仙湖星空小镇	928
文山州博物馆	929
滇滩棋盘石景区	930
高黎贡山古道公园	931
鲤鱼河	932
龙潭公园	933
勐糯大寨景区	934
东坡森林公园	935
观光农业园	936
腾冲腾越玉璧景区	937
湾甸帕旭傣族村	938
银宝彝族传统村落	939
德馨景区	940
老虎垭口景区	941
明光云岩溶洞景区	942
和谐塔中塔景区	943
罗家坪旅游景区	944
清水湾旅游景区	945
广南县普迁康养度假景区	946
金钟山	947
广南县千年壮寨马碧	948
东升公社	949
西洋双湖	950
八宝三腊瀑布景区	951
拖派景区	952
诸葛山庄园	953
西洋江大峡谷	954
小马固新寨景区	955
老山作战纪念馆	956
麻栗坡县	957
支前烈士纪念馆	958
五龙水生态小镇	959
会泽古城	960
会泽县	961
麻栗坡县仙乡石斛生态园	962
马龙沈家山景区	963
马洒景区	964
阿峨新寨旅游村	965
天士力	966
普者黑玫瑰庄园	967
国家水利风景区	968
戎氏茶文化庄园	969
龙泉国家森林公园	970
司莫拉佤族村	971
海湾营地	972
大龙洞景区	973
昭阳	974
忆持巷	975
永宏水上娱乐城	976
丽江虎跳峡	977
云南省农业农村厅	978
华侨城温泉水公园	979
康藤红河谷	980
红河县	981
云端彼岸马场	982
镇雄县	983
昆钢大厦环城南路地铁站接驳车	984
水上娱乐城	985
大理变压工厂幻境2099演艺	986
大理古城灯会	987
漫埕森林	988
滇池国际会展中心5号馆	989
游泰东北	990
云南省图书馆	991
长水机场租车盲盒	992
大古里欢乐城	993
红河县图书馆	994
红河县文化馆	995
红河州图书馆	996
金平县图书馆	997
金平县文化馆	998
屏边县图书馆	999
屏边县文化馆	1000
昆明古滇半山温泉酒店	1001
呈贡	1002
富宁县文化馆	1003
富宁县图书馆	1004
广南县图书馆	1005
麻栗坡县文化馆	1006
马关县文化馆	1007
马关县图书馆	1008
文山市文化馆	1009
砚山县文化馆	1010
砚山县图书馆	1011
麻栗坡县图书馆	1012
广南县文化馆	1013
泸水市文化馆	1014
贡山县文化馆	1015
福贡县文化馆	1016
兰坪县文化馆	1017
怒江州文化馆	1018
怒江州图书馆	1019
泸水市图书馆	1020
贡山县图书馆	1021
福贡县图书馆	1022
兰坪县图书馆	1023
建水紫陶里	1024
海洪湿地公园	1025
王官湿地公园	1026
捞鱼河湿地公园	1027
西亮塘湿地公园	1028
星海半岛湖滨生态湿地公园	1029
草海湖滨湿地	1030
宝丰湿地公园	1031
泸西黄草洲国家湿地公园	1032
泸西县	1033
晋宁南滇池国家湿地公园	1034
云南鹤庆东草海国家湿地公园	1035
兰坪箐花甸国家湿地公园	1036
兰坪县	1037
江川星云湖国家湿地公园	1038
江川	1039
云南蒙自长桥海国家湿地公园	1040
通海杞麓湖国家湿地公园	1041
通海县	1042
龙川桥森林公园	1043
阳宗海滨海湿地公园	1044
水神峤景区	1045
安宁	1046
棋盘山森林公园	1047
官渡森林公园	1048
海潮寺森林公园	1049
嵩明县	1050
呼马山森林公园	1051
法界寺森林公园	1052
东川森林公园	1053
东大森林公园	1054
圭山国家森林公园	1055
滇南绿洲生态园	1056
个旧市戈贾森林公园	1057
个旧	1058
开远市七星湖湿地公园	1059
蒙自市碧色寨森林公园	1060
建水县龙窖生态城城市森林公园	1061
石屏县焕文森林公园	1062
弥勒市吉成森林公园	1063
泸西县黄草洲湿地公园	1064
红河县侨乡森林公园	1065
元阳县红河谷森林公园	1066
元阳县	1067
绿春县东仰森林公园	1068
绿春县	1069
屏边县牧羊河湿地公园	1070
屏边县	1071
金平县花果山森林公园	1072
金平县	1073
河口县口岸森林公园	1074
个旧市图书馆	1075
个旧市文化馆	1076
河口县图书馆	1077
河口县文化馆	1078
红河州文化馆	1079
建水县文化馆	1080
开远市图书馆	1081
开远市文化馆	1082
泸西县图书馆	1083
泸西县文化馆	1084
绿春县图书馆	1085
绿春县文化馆	1086
宜良滇中尚浴温泉酒店	1087
蒙自市图书馆	1088
蒙自市文化馆	1089
弥勒市图书馆	1090
弥勒市文化馆	1091
石屏县图书馆	1092
石屏县文化馆	1093
元阳县图书馆	1094
元阳县文化馆	1095
隆阳区图书馆	1096
隆阳区文化馆	1097
保山历史名人堂	1098
梁金山纪念馆	1099
文山市图书馆	1100
建水县图书馆	1101
昌宁县图书馆	1102
昌宁县文化馆	1103
丘北县图书馆	1104
丘北县文化馆	1105
施甸县文化馆	1106
施甸县图书馆	1107
腾冲市图书馆	1108
腾冲市文化馆	1109
西畴县图书馆	1110
西畴县文化馆	1111
茶腊景区	1112
雾里怒族原生态聚落景区	1113
贡当神山景区	1114
墨江文庙	1115
墨江县	1116
龙竹棚老寨景区	1117
云南文学艺术馆	1118
大山包鸡公山	1119
昆明融创雪世界	1120
磨黑古镇	1121
宁洱县	1122
昆明海乐世界泡泡米益智成长中心	1123
丽江景区直通车	1124
拉市海云顶湖畔	1125
阿诗玛游石林	1126
丽江机场大巴	1127
漫山云居	1128
大理站	1129
六郎城仙草秘境	1130
雪山峡谷演艺公园	1131
大理花醉艺术中心	1132
大理水花庄园	1133
大理金梭岛	1134
喜洲马帮世家	1135
云枪汇射击俱乐部	1136
普者黑天鹅湖景区	1137
讲武文创蓝花楹主题乐园	1138
大玉龙景区	1139
中国抹茶农垦庄园	1140
八宝水乡田园综合体	1141
龙华秘境半山酒店生态旅游度假村	1142
金魔方儿童职业体验中心	1143
剑川古城	1144
西双版纳热带动物园	1145
草多多森林牧场	1146
花伴一生	1147
丽江美泉在水一方马场	1148
鞍码湖七彩音乐风铃小镇	1149
兔乐西山森林公园	1150
盘龙江游船	1151
田园趣天空农场	1152
九乡森林营地	1153
大型舞蹈作品集云之南喃	1154
龙坝岗休闲度假区	1155
六郎城仙草密境	1156
弥勒小河边玫瑰花采摘	1157
云南温泉惠民卡二期	1158
拉市海骑马体验	1159
滇国古桩月季园	1160
潘祥记梦橙花园	1161
环洱海旅游观光巴士	1162
大理伊美西海庄园	1163
勐巴拉娜西歌舞秀	1164
景洪	1165
老君山大峡谷漂流	1166
刘永周皮影戏馆	1167
蓝续古法扎染体验园	1168
西双版纳易和达国际旅行社有限公司	1169
纳西古乐会	1170
拉市海粉红悠悠马场	1171
纳西创世纪	1172
丽江三川云来滑翔伞飞行营地	1173
花花色玫瑰庄园	1174
曼沙户外沙滩车俱乐部	1175
白沙古镇	1176
半山露天温泉	1177
御水湾温泉	1178
宁蒗县	1179
景谷县	1180
漫崖咖啡庄园	1181
华侨城昆明阳宗海度假区	1182
回贤古寨	1183
芒市金湖湾水世界	1184
芒	1185
西双版纳象出没雨林营地	1186
西双版纳探险者丛林越野俱乐部	1187
曼掌村	1188
丽江沙洲自然营地	1189
丙闷大榕树咖啡庄	1190
青东公园	1191
龙潭景区	1192
烫习古树芒果景区	1193
勐赫小镇	1194
百花岭	1195
运启黄龙玉博物馆	1196
小人国主题公园	1197
青年公社	1198
密祉景区	1199
小河淌水天生桥	1200
芒市傣族古镇	1201
小小孩艺术节	1202
东风韵音乐嘉年华	1203
仙湖仲景苹果庄园	1204
甘蔗寨	1205
芒棒镇张家村景区	1206
振峰庄园	1207
春润茶文旅农庄	1208
勐统贡茶庄园景区	1209
浪漫花缘里	1210
盈水景区	1211
归云庄	1212
鲁布革布依小镇	1213
欢乐新天地	1214
吾尔岭	1215
乌龙潭	1216
禄丰	1217
付费定制	1218
永和国门新村景区	1219
沧源县	1220
彝海公园	1221
贝山陶庄	1222
古滇红尾狐卡丁车俱乐部	1223
拉市海景区	1224
小沙坝景区	1225
泸水	1226
滇池鑫灿游船	1227
彝家果园	1228
永仁外普拉景区	1229
永仁县	1230
红色文化公园	1231
梦里原乡十字口	1232
永平县	1233
离天空最近的茶园	1234
滇滩水城旅游名村	1235
坝派	1236
白崖城景区	1237
中国红河蝴蝶谷	1238
勐相公园	1239
丽水金沙	1240
昆明得乐农庄	1241
勐省永农秋景区	1242
小落水景区	1243
南中爨城	1244
经开	1245
万松居景区	1246
宣威	1247
葫芦湾	1248
沾益	1249
尼珠河大峡谷	1250
菌园景区	1251
樊家营景区	1252
高黎贡咖啡园	1253
保岫广场	1254
梅花村	1255
传统乡村耕读聚落	1256
临安府署	1257
怒江百鸟谷	1258
怒江香料园	1259
大理华彬玛尔斯乐园	1260
花仙谷景区	1261
水陌青田景区	1262
楠竹公社	1263
大理城际车	1264
个旧老阴山景区宝华索道	1265
乌龙河公园	1266
武定县	1267
三杄二红茶文化苑	1268
罗平金鸡峰丛	1269
罗平县	1270
时祉	1271
茅州古镇	1272
牟定县	1273
姚安百果园	1274
姚安县	1275
三台核桃森林公园	1276
大姚县	1277
生物多样性科普园	1278
山间吃茶铺	1279
诗年华茶咖馆	1280
大理石空国石博物馆	1281
西双版纳茶马古道	1282
璞韵古茶	1283
滇池	1284
古滇艺海码头	1285
七彩云南欢乐世界飞翔影院	1286
古滇朵拉萌宠乐园	1287
圆通寺	1288
翠湖公园	1289
大观楼	1290
长水国际机场	1291
乐谱凹	1292
落霞沟	1293
昆明古滇名城皇冠假日酒店	1294
昆明古滇度假酒店	1295
正义坊	1296
世博52森林康养温泉	1297
云南师范大学	1298
聂耳墓	1299
昆明站	1300
昆明饭店线上生活过桥米线	1301
铁朋小锅米线	1302
南中煮	1303
李记河	1304
如家酒店	1305
云南木水花野生菌市场	1306
中国昆明斗南花卉市场	1307
世界园艺博览园	1308
翠湖	1309
金马碧鸡坊	1310
七彩云南古滇名城	1311
南屏步行街	1312
1910火车南站	1313
祥云美食城	1314
昆明火车站	1315
海埂公园	1316
海东湿地公园	1317
宝丰湿地	1318
石林银瑞林国际大酒店	1319
海埂大坝	1320
昆明南站	1321
斗南	1322
古滇精品湿地公园	1323
云南野生动物园	1324
百合音乐主题餐厅	1325
昆明原影友之家接待站	1326
钱王街	1327
大叠水瀑布	1328
云南大学	1329
圆通山	1330
公园1903	1331
寻甸一席民宿青年旅舍	1332
七彩云南古滇温泉山庄	1333
石林风景区	1334
石林	1335
昆明楠遇度假酒店	1336
大观篆新农贸市场	1337
昆明滇池西山区政府亚朵酒店	1338
建新园过桥米线	1339
正义坊购物中心	1340
昆明三三青年旅舍	1341
翠湖公	1342
捞渔河湿地公园	1343
九乡	1344
宜良	1345
文化巷	1346
南强街巷	1347
精怪塘	1348
天台峰	1349
昆明春城湖畔度假村	1350
云大会泽院仰止楼	1351
金殿公园	1352
昆明晟世仟和酒店	1353
昆明滇池后海美食集市	1354
寻甸	1355
金色螳螂川风景区	1356
昆明融创乐园	1357
文林街	1358
云南陆军讲武堂旧址	1359
东寺塔	1360
南屏街	1361
云上四季酒店	1362
昆明融创施柏阁酒店	1363
洱源	1364
茶马花街	1365
昆明花之城豪生国际大酒店	1366
石林客运	1367
步哨山	1368
剑峰池	1369
中央红军长征出发地纪念园	1370
于都	1371
昆明际洋温泉大酒店	1372
龙门	1373
周培源旧居	1374
滇池西山索道	1375
呈贡滇池生态湿地公园	1376
小石林	1377
鑫源大酒店	1378
桥香园云南过桥米线	1379
昆明四叶草	1380
一颗印	1381
三家村水库	1382
昆明滇池南岸沙滩主题公园	1383
嘉丽泽湿地	1384
八骏大酒店	1385
梦想计划遥控营地	1386
昆明豪顿酒店国贸店	1387
西山风景名胜区	1388
昆明西站	1389
昆明西部客运站	1390
鸿翔一心堂公园尚居小区连锁店	1391
禄劝	1392
绿叶禄劝公园尚居形象店	1393
昙华寺	1394
罗记一品鲜文山早点	1395
昆明滇池德宏丽呈睿轩酒店	1396
关岭路财神庙	1397
万峰大酒店	1398
昆明北站	1399
酷悦酒店	1400
昆明米特酒店	1401
昆明方舟大酒店	1402
地涌金莲餐厅	1403
西门海景	1404
景星街花鸟市场	1405
昆明锦华国际酒店	1406
桥香园文旅餐厅	1407
宝海公园	1408
云上四季尚品酒店	1409
昆明合神精品酒店	1410
火王园林自助烧烤	1411
昆明皇廷饭店	1412
绿洲大酒店宴会厅	1413
茶马古道	1414
青龙桥	1415
四方街	1416
九鼎龙潭	1417
哈里谷	1418
丽江火车站	1419
大研古城	1420
古城大水车	1421
狮子山	1422
木府	1423
大落水村	1424
宁蒗	1425
古城忠义市场	1426
忠义市场	1427
天堂时光旅行书店	1428
丽江美院美宿艺术民宿	1429
探花里音乐餐吧	1430
小吧黎酒吧束河	1431
清溪水库	1432
丽江七星街	1433
万古楼	1434
大石桥	1435
科贡坊	1436
东巴观景台	1437
无寂朴境客栈	1438
七一街小	1439
丽江大索道	1440
丽江三义国际机场	1441
腊排骨火锅	1442
五一街	1443
丽江粑粑	1444
泸源涯	1445
大水车	1446
东巴许愿风铃	1447
丽江古城太史第	1448
泸沽湖白云锦宿湖景度假酒店	1449
漫香酒吧	1450
三义机场	1451
花姐野生菌腊排骨火塘花园餐厅	1452
杂菜烩花园餐厅	1453
浮娴小锅饭云南民俗	1454
浮娴小锅饭云南民俗风味餐厅	1455
花马街	1456
七一街小吃一条街	1457
石头城	1458
玉龙	1459
玉龙雪山	1460
七一街	1461
丽江香草田园度假民宿	1462
石莲寺	1463
橄榄坝	1464
望天树树冠走廊	1465
西双版纳洲际度假酒店	1466
曼听公园	1467
西双版纳总佛寺	1468
名人名树园	1469
基诺山	1470
西双版纳融创皇冠假日度假酒店	1471
西双版纳安纳塔拉度假酒店	1472
打洛口岸	1473
大金塔广场	1474
版纳客运站	1475
西双版纳泰森格大酒店	1476
西双版纳融创铂尔曼度假酒店	1477
曼飞龙白塔	1478
西双版纳世纪金源大饭店	1479
西双版纳傣园酒店	1480
西双版纳傣族园	1481
椰德纳美食坊	1482
景洪新沙宾馆	1483
西双版纳泼水广场	1484
西双版纳澜江风情酒店	1485
景洪菩提岛酒店	1486
龟山公园	1487
纳帕海	1488
尼汝村	1489
属都湖	1490
七彩瀑布	1491
小中甸花海	1492
香格里拉机场	1493
噶丹松赞林寺	1494
香格里拉巴拉格宗风景名胜区	1495
格宗雪山	1496
巴拉村	1497
普达措国家公园	1498
依拉草原	1499
香格里拉雪域格桑花海	1500
大佛寺	1501
碧塔海	1502
过山瑶酒吧	1503
月光广场	1504
蓝月谷	1505
下关	1506
栈合一客栈	1507
红山庙	1508
环海东路	1509
大理海地生活客栈肆伍号院	1510
龙龛码头	1511
环海西路	1512
飘香酒馆私房菜	1513
苍山游途云归故里院子	1514
玉波阁	1515
双廊	1516
大理古城南门	1517
大理港下关码头	1518
大理归心海景客栈	1519
大理洱海之境花园海景酒店	1520
大理风情海岸海景客栈	1521
大理退避一舍客栈	1522
大理喜林苑客栈	1523
大理桃源人家青年旅舍	1524
大理海地	1525
大理图途云海居精品海景客栈	1526
大理嘻嘻哈哈驿栈	1527
喜洲四方街食店	1528
大理天青悦水客栈	1529
大理学院	1530
挖色镇	1531
蒙自源过桥米线	1532
银桥镇	1533
再回首	1534
大理云渡海景庭院	1535
大理月出歆蓝海景客栈	1536
大理洱海月亮岛湖景客栈	1537
大理古城三月街白族民居客栈	1538
大理慢吧客栈	1539
大理豌豆客栈洱海店	1540
大理梦心谷客栈	1541
芝麻开花海景艺术酒店	1542
云南大理海地生活国际青年	1543
听花堂海景花园美宿	1544
大理听花岛海景花园美宿	1545
秘密花	1546
大理云海芳草薰衣草庄园	1547
大理古城梵七栖客栈	1548
大理桃源喜鹊栖所洱海度假酒店	1549
大理双廊海之蓝客栈	1550
青尘	1551
大理百草园田园精品客栈	1552
大理云途海景度假客栈	1553
大理双廊依水云居客栈	1554
大理双廊半岛63海景客栈	1555
大理千里走单骑杨丽萍艺术酒店	1556
大理兴穆66号日出海景客栈	1557
七月八号	1558
真美度假客栈	1559
大理陶然居客栈	1560
德宏风味烧烤	1561
桃红小馆大理古风酒肆	1562
理想邦	1563
大理双廊空间爱情海景美宿	1564
大理双廊溜园主题客栈	1565
大理己已巳古迹花园客栈	1566
大理晨夕缘海景客栈	1567
大理蜜卡家客栈	1568
古城小吃	1569
大理栈合一香蕉船海景酒店	1570
大理达岸海景度假酒店	1571
大理文庙	1572
大理明月松间海街酒店	1573
大理粉四酒店	1574
大理青庐上宅酒	1575
大理古城方舟沐宅客栈	1576
大理云七毗舍海景酒店	1577
大理古城空气花园客栈	1578
退步堂	1579
秘密花园民宿	1580
大理主题客栈	1581
大理瓦猫云海景庭院客栈	1582
大理云	1583
蜜悦大理悦湾海景度假酒店	1584
大理双廊半岛了了族亲水客栈	1585
大理古城一号院	1586
大理双廊安七洱海度假酒店	1587
要有花客栈	1588
大理澜庭别院	1589
大理实力希尔顿酒店	1590
云南大理海地生活国际青年旅舍	1591
橡树缘连锁大理洱海海逸度假园	1592
大理锦朵泉客栈	1593
大理古城天青舍客栈	1594
雲天海揽月海景客栈	1595
大理理想	1596
大理漫海庭酒店	1597
大理严家民居侯庐客栈	1598
大理堂荟咖啡庭	1599
大理双廊近水楼台客栈	1600
大理市双廊镇格桑云海客栈	1601
大理喜洲芒果小屋橘舍客栈	1602
大理古城洱月小住客栈	1603
大理拾光精品客栈	1604
大理艺墅忆闲居别墅	1605
格桑客栈	1606
大理格桑客栈连锁古城店	1607
南诏大理国王宫	1608
大理双廊暖暖全海景客栈	1609
大理双廊半岛云端海景客栈	1610
大理安野海景酒店	1611
大理山水间怡居别墅	1612
江尾	1613
大理海天一海景主题客栈	1614
大理汽车客运站新站	1615
大理沧海一粟客栈	1616
大理一期一会海景花园客栈	1617
大理澜257号精品海景客栈洱海店	1618
巍山	1619
大理朝蓝夕月客栈	1620
石宝山	1621
剑川	1622
大理王府酒店	1623
海之礼堂	1624
天生桥江风寺	1625
南诏文化城	1626
磻溪	1627
大理古城麓椿花园酒店	1628
大理和柒海景酒店	1629
大理青花海景设计酒店	1630
三月街	1631
杨记乳扇雕梅	1632
大理西湖	1633
大理喜洲花园酒店	1634
鲜花饼	1635
阿妈腊排骨	1636
饭后	1637
成都	1638
象山市场	1639
茶马古道博物馆	1640
大水	1641
丽江同心苑客栈	1642
酒吧一条街	1643
鹤庆人家传统大理菜	1644
大象芭蕾泰式海鲜火锅烤肉	1645
留焕美食古镇店	1646
丽客隆	1647
大冰的小屋	1648
云南大理过桥米线	1649
大连	1650
束河古镇篱笆墙的女人精品客栈	1651
磻溪村	1652
喜洲	1653
大理古城	1654
大理大学	1655
龙龛古渡	1656
土家老院子	1657
张家界	1658
崇圣寺	1659
千户布依寨	1660
惠水	1661
九龙禅寺	1662
大理双廊甲居6度客栈	1663
洱源九台源通酒店	1664
英凤烧饵块	1665
花筑大理古城苍山牧云古韵主题庭院客栈	1666
大理喜洲蝶海月海景度假酒店	1667
大理空谷山居	1668
大理海东方天空之镜海景酒店	1669
金马碧鸡	1670
下山口	1671
大理米洛忻宿客栈	1672
大理和悦生活民宿	1673
苍山地质公园	1674
大理一席海边民宿	1675
德钦雨崩间隔时光客栈	1676
德钦雨崩神瀑客栈	1677
三亚香格里拉度假酒店	1678
三亚湾	1679
大东海	1680
海棠湾	1681
大悦洋海鲜自助甄选	1682
槟城香格里拉金沙滩度假村	1683
唐山香格里拉大酒店	1684
马努干岛	1685
马穆迪岛	1686
艾京生钟楼	1687
佑记肉骨茶	1688
丹绒亚路海滩	1689
塔佩门	1690
丹绒亚路香格里拉	1691
马奴干岛	1692
哲斯顿	1693
莆田市博物馆	1694
妈祖祖庙	1695
绶溪公园	1696
沙巴香格里拉日落酒吧	1697
清迈香格里拉酒店	1698
莆田香格里拉大酒店	1699
大学	1700
黎黄陂路	1701
汉口江滩	1702
珞珈山	1703
武汉大学	1704
东湖	1705
户部巷	1706
楚河	1707
武汉香格里拉大酒店	1708
稻城三神山	1709
稻城县城	1710
香格里拉天界神川大酒店	1711
拉萨香格里拉大酒店	1712
西藏博物馆	1713
弥勒巨人雅阁酒店	1714
大理文悦东方酒店	1715
大理开元曼居海洋酒店	1716
台湾阿里山石烤香肠	1717
成都瑞吉酒店	1718
石林红杉湖温泉酒店	1719
丽江海映郎廷假日大酒店	1720
安宁广晟沁园温泉度假酒店	1721
安宁温泉山谷国际度假酒店	1722
厦门香格里拉酒店	1723
天津香格里拉大酒店	1724
扬州香格里拉大酒店	1725
稻城亚丁	1726
稻城亚丁机场	1727
天府广场	1728
佳味再添小吃店	1729
大慈寺	1730
成都香格里拉大酒店	1731
陆琴脚艺	1732
天津博物馆	1733
大理悦云雅阁酒店	1734
牛奶海	1735
央迈勇	1736
天津站	1737
五色海	1738
仙乃日	1739
宽窄巷子	1740
公园	1741
大理白族自治州	1742
大理州	1743
延边	1744
古镇	1745
码头	1746
文海	1747
昆明湖	1748
云南昆明	1749
四方	1750
拉市海	1751
昆明机场	1752
草原	1753
环海	1754
大大小小	1755
竹林	1756
雪山	1757
国际	1758
云南	1759
大理寺	1760
海东	1761
轿子	1762
机场	1763
民族村	1764
美食	1765
午饭	1766
贝加尔湖	1767
观景	1768
东川	1769
月光	1770
鲜花	1771
景洪市	1772
东大街	1773
昆明人	1774
布达拉宫	1775
游船	1776
酒吧	1777
世园	1778
丽江地区	1779
金碧	1780
原始森林	1781
古道	1782
西路	1783
火车站	1784
木村	1785
步行街	1786
洱源县	1787
龙马	1788
酒店	1789
火车	1790
小屋	1791
大理人	1792
邛海	1793
文庙	1794
金殿	1795
七星街	1796
欢乐	1797
三塔	1798
周城镇	1799